year, row, col, elevation, annualDroughtIndex, seasonalDroughtIndex, annualDegreeDaySum, seasonalDegreeDaySum, minimumTemperature, AET, PET, annualPrecipitationSum
0, 2, 2, 740, 0.105253, 0.105253, 1490.6, 1398.47, -1.65, 50.529, 54.5044, 140.47
1, 2, 2, 740, 0.265362, 0.265362, 1901.45, 1804.38, -3.45, 46.0401, 58.2329, 119.93
2, 2, 2, 740, 7.79383e-09, 9.8309e-09, 1544.76, 1297.7, -0.45, 56.7202, 56.7202, 143.24
3, 2, 2, 740, 0.255011, 0.255011, 1699.33, 1619.74, 0.25, 41.3516, 55.5704, 84.94
4, 2, 2, 740, 0.0619475, 0.0619475, 1608.15, 1515.15, -2.75, 52.2817, 55.2388, 160.24
5, 2, 2, 740, 2.04023e-09, 2.04023e-09, 1472.77, 1332.51, -0.25, 53.6855, 53.6855, 128.84
6, 2, 2, 740, 0.283031, 0.283031, 1485.55, 1419.01, -1.75, 36.3953, 53.7754, 169.2
7, 2, 2, 740, 0.0973132, 0.0845566, 1674.21, 1437.43, -2.05, 53.0682, 56.9214, 89.2
8, 2, 2, 740, 1.72026e-08, 1.72026e-08, 1269.93, 1138.82, -4.15, 52.5014, 52.5014, 148.14
9, 2, 2, 740, 0.0376334, 0.0376334, 1313.89, 1194.49, -1.85, 51.6164, 52.6116, 133.56
10, 2, 2, 740, 1.10829e-08, 1.10829e-08, 1243.55, 1180.3, -9.95, 51.1394, 51.1394, 153.64
11, 2, 2, 740, 1.13202e-08, 1.32069e-08, 1419.54, 1228.23, 0.65, 55.1883, 55.1883, 127.88
12, 2, 2, 740, 6.27288e-09, 6.27288e-09, 1525.61, 1410.37, -1.55, 53.5614, 53.5614, 169.74
13, 2, 2, 740, 0.220389, 0.220389, 1723.81, 1521.23, -0.35, 49.6726, 58.1516, 102.87
14, 2, 2, 740, 9.69213e-09, 9.69213e-09, 1349.2, 1232.51, -0.65, 53.6136, 53.6136, 169.09
15, 2, 2, 740, 1.30511e-08, 1.30511e-08, 1645.56, 1458.11, 0.25, 56.6682, 56.6682, 185.65
16, 2, 2, 740, 0.145046, 0.145046, 1281.48, 1234.84, -2.05, 43.7973, 50.0184, 134.67
17, 2, 2, 740, 0.0245742, 0.0280848, 1425.3, 1322.13, -5.75, 52.0316, 53.6931, 146.96
18, 2, 2, 740, 0.154507, 0.154507, 1593.59, 1481.92, 0.55, 47.1569, 55.5826, 112.96
19, 2, 2, 740, 1.23299e-08, 1.23299e-08, 1264.21, 1201.25, -4.25, 51.158, 51.158, 215.76
20, 2, 2, 740, 2.61556e-09, 2.61556e-09, 1464.32, 1369.3, -1.55, 53.3244, 53.3244, 181.47
21, 2, 2, 740, 0.106916, 0.124735, 1506.55, 1385.06, -1.25, 48.3988, 53.9303, 144.89
22, 2, 2, 740, 0.0308446, 0.0308446, 1379.16, 1276.1, -1.15, 51.5437, 53.1401, 175.01
23, 2, 2, 740, 0.167767, 0.167767, 1494.22, 1423.13, -3.05, 46.8555, 53.5637, 150.14
24, 2, 2, 740, 0.00504369, 0.00588431, 1420.12, 1319.47, -1.95, 51.1149, 51.3552, 203.32
25, 2, 2, 740, 0.218559, 0.218559, 1603.15, 1490.74, -2.15, 45.5679, 55.2711, 98.54
26, 2, 2, 740, 0.12846, 0.12846, 1306.09, 1098.91, 0.75, 51.2792, 54.7462, 112.52
27, 2, 2, 740, 0.0842195, 0.0842195, 1492.47, 1403.82, -1.55, 48.834, 52.6714, 155.41
28, 2, 2, 740, 0.049891, 0.049891, 1288.62, 1129.66, 1.25, 51.8143, 53.6789, 166.03
29, 2, 2, 740, 0.0287108, 0.0287108, 1466.69, 1358.41, 0.45, 52.6599, 54.0264, 115.95
30, 2, 2, 740, 0.144725, 0.144725, 1546.18, 1455.59, -0.05, 48.4778, 54.2396, 108.66
31, 2, 2, 740, 7.4992e-09, 7.4992e-09, 1389.93, 1240.15, 0.05, 54.0101, 54.0101, 186.8
32, 2, 2, 740, 1.99021e-08, 1.92795e-08, 1307.69, 1156.63, -0.45, 52.7484, 52.7484, 168.04
33, 2, 2, 740, 0.0313852, 0.0313852, 1415.52, 1324.44, -2.65, 51.5692, 53.0815, 172.44
34, 2, 2, 740, 0.0134774, 0.0134774, 1237.89, 1160.45, -1.25, 50.227, 50.8111, 182.59
35, 2, 2, 740, 0.0223232, 0.0223232, 1405.22, 1292.94, -1.55, 52.5255, 53.7551, 208.6
36, 2, 2, 740, 0.00277063, 0.00323241, 1612.12, 1472.67, 1.15, 55.4293, 55.5606, 164.96
37, 2, 2, 740, 0.198376, 0.226716, 1726.2, 1567.46, -2.45, 41.0061, 57.0536, 130.02
38, 2, 2, 740, 0.0408115, 0.0476135, 1389.3, 1214.2, -2.75, 49.6689, 51.7573, 139.72
39, 2, 2, 740, 0.142536, 0.142536, 1528.03, 1458.54, -4.75, 46.2058, 52.2823, 130.82
40, 2, 2, 740, 0.0133441, 0.0155681, 1562.58, 1448.96, -4.65, 53.8705, 54.5313, 160.07
41, 2, 2, 740, 1.15464e-08, 1.15464e-08, 1532.83, 1409.48, -2.85, 53.4404, 53.4404, 168.75
42, 2, 2, 740, 0.000312432, 0.000312432, 1557.94, 1453.62, -0.05, 55.037, 55.051, 187.02
43, 2, 2, 740, 0.0193448, 0.0225689, 1729.27, 1441.92, 3.65, 58.0796, 58.7531, 122.86
44, 2, 2, 740, 0.0462712, 0.0462712, 1653.81, 1462.46, -0.65, 54.9535, 57.0216, 125.02
45, 2, 2, 740, 0.188706, 0.220157, 1554, 1396.67, -0.65, 45.8402, 54.8932, 100.79
46, 2, 2, 740, 0.162846, 0.195415, 1709.91, 1508.96, 2.25, 50.5023, 57.7347, 106.59
47, 2, 2, 740, 0.0231665, 0.0231665, 1502.45, 1384.77, 1.65, 55.3132, 56.4688, 109
48, 2, 2, 740, 0.0546155, 0.0637181, 1808.15, 1573.7, 1.25, 55.1543, 58.2194, 139.74
49, 2, 2, 740, 0.0476569, 0.0476569, 1576.8, 1469.64, -0.65, 51.5764, 54.7031, 130.88
50, 2, 2, 740, 0.019366, 0.019366, 1373.87, 1239.03, -1.85, 53.1274, 54.1021, 97.37
51, 2, 2, 740, 0.113624, 0.132562, 1692.34, 1469.36, 1.95, 51.3941, 57.6743, 110.1
52, 2, 2, 740, 0.120393, 0.120393, 1522.77, 1393.25, 0.05, 50.7122, 55.4098, 112.98
53, 2, 2, 740, 7.0485e-09, 7.0485e-09, 1618, 1523.09, -1.85, 55.583, 55.583, 147.01
54, 2, 2, 740, 0.0756886, 0.0756886, 1713.8, 1568.78, 0.15, 52.8928, 57.4245, 128.38
55, 2, 2, 740, 0.0614363, 0.0614363, 1605.95, 1504.35, -2.05, 51.9634, 54.8666, 158.23
56, 2, 2, 740, 0.0262546, 0.0262546, 1630.06, 1423.91, 2.75, 56.6453, 58.0449, 152.76
57, 2, 2, 740, 0.229589, 0.267854, 2043.26, 1845.12, -1.25, 45.3317, 60.2127, 83.73
58, 2, 2, 740, 0.0400075, 0.0400075, 1545.06, 1443.07, -0.75, 52.8639, 54.9606, 103.86
59, 2, 2, 740, 0.143672, 0.143672, 1677.49, 1592.64, -3.05, 47.9373, 55.7063, 92.75
60, 2, 2, 740, 0.170222, 0.198593, 1905.83, 1735.81, -0.95, 43.9315, 57.3787, 140.23
61, 2, 2, 740, 0.0114637, 0.0114637, 1673.43, 1531.8, 1.95, 57.7861, 58.3415, 142.81
62, 2, 2, 740, 0.0539952, 0.0539952, 1576.59, 1429.91, 0.65, 53.5678, 56.0029, 103.31
63, 2, 2, 740, 0.217926, 0.249058, 1740.85, 1633.2, -0.75, 44.4454, 56.2392, 74.97
64, 2, 2, 740, 0.0952135, 0.0952135, 1443.21, 1384.18, -2.55, 46.572, 52.8333, 84.23
65, 2, 2, 740, 0.15737, 0.179852, 1930.43, 1658.76, 0.55, 52.0986, 59.5578, 111.85
66, 2, 2, 740, 0.00994073, 0.0132543, 1735.66, 1559.05, -4.35, 56.6428, 57.1928, 164.64
67, 2, 2, 740, 0.755172, 0.988827, 5795.29, 3555.16, 6.32, 8, 102.302, 0
68, 2, 2, 740, 0.133506, 0.133506, 1490.6, 1398.47, -1.65, 48.8883, 54.5044, 140.47
69, 2, 2, 740, 0.281732, 0.281732, 1901.45, 1804.38, -3.45, 44.4087, 58.2329, 119.93
70, 2, 2, 740, 7.79383e-09, 9.8309e-09, 1544.76, 1297.7, -0.45, 56.7202, 56.7202, 143.24
71, 2, 2, 740, 0.269515, 0.269515, 1699.33, 1619.74, 0.25, 40.3054, 55.5704, 84.94
72, 2, 2, 740, 0.0905897, 0.0905897, 1608.15, 1515.15, -2.75, 50.8266, 55.2388, 160.24
73, 2, 2, 740, 0.0308067, 0.0308067, 1472.77, 1332.51, -0.25, 52.249, 53.6855, 128.84
74, 2, 2, 740, 0.286945, 0.286945, 1485.55, 1419.01, -1.75, 36.0621, 53.7754, 169.2
75, 2, 2, 740, 0.0884155, 0.0764176, 1674.21, 1437.43, -2.05, 52.8481, 56.9214, 89.2
76, 2, 2, 740, 0.00920172, 0.00920172, 1269.93, 1138.82, -4.15, 52.1408, 52.5014, 148.14
77, 2, 2, 740, 0.0521704, 0.0521704, 1313.89, 1194.49, -1.85, 50.6057, 52.6116, 133.56
78, 2, 2, 740, 1.10829e-08, 1.10829e-08, 1243.55, 1180.3, -9.95, 51.1394, 51.1394, 153.64
79, 2, 2, 740, 1.13202e-08, 1.32069e-08, 1419.54, 1228.23, 0.65, 55.1883, 55.1883, 127.88
80, 2, 2, 740, 6.27288e-09, 6.27288e-09, 1525.61, 1410.37, -1.55, 53.5614, 53.5614, 169.74
81, 2, 2, 740, 0.2047, 0.2047, 1723.81, 1521.23, -0.35, 49.5833, 58.1516, 102.87
82, 2, 2, 740, 9.69213e-09, 9.69213e-09, 1349.2, 1232.51, -0.65, 53.6136, 53.6136, 169.09
83, 2, 2, 740, 1.30511e-08, 1.30511e-08, 1645.56, 1458.11, 0.25, 56.6682, 56.6682, 185.65
84, 2, 2, 740, 0.152552, 0.152552, 1281.48, 1234.84, -2.05, 43.4688, 50.0184, 134.67
85, 2, 2, 740, 0.0298496, 0.0341138, 1425.3, 1322.13, -5.75, 51.6749, 53.6931, 146.96
86, 2, 2, 740, 0.156643, 0.156643, 1593.59, 1481.92, 0.55, 46.9791, 55.5826, 112.96
87, 2, 2, 740, 1.23299e-08, 1.23299e-08, 1264.21, 1201.25, -4.25, 51.158, 51.158, 215.76
88, 2, 2, 740, 2.61556e-09, 2.61556e-09, 1464.32, 1369.3, -1.55, 53.3244, 53.3244, 181.47
89, 2, 2, 740, 0.106401, 0.124134, 1506.55, 1385.06, -1.25, 48.3248, 53.9303, 144.89
90, 2, 2, 740, 0.0310941, 0.0310941, 1379.16, 1276.1, -1.15, 51.5308, 53.1401, 175.01
91, 2, 2, 740, 0.168171, 0.168171, 1494.22, 1423.13, -3.05, 46.8345, 53.5637, 150.14
92, 2, 2, 740, 0.00535065, 0.00624242, 1420.12, 1319.47, -1.95, 51.1003, 51.3552, 203.32
93, 2, 2, 740, 0.21907, 0.21907, 1603.15, 1490.74, -2.15, 45.5434, 55.2711, 98.54
94, 2, 2, 740, 0.128743, 0.128743, 1306.09, 1098.91, 0.75, 51.2585, 54.7462, 112.52
95, 2, 2, 740, 0.0844739, 0.0844739, 1492.47, 1403.82, -1.55, 48.8205, 52.6714, 155.41
96, 2, 2, 740, 0.050357, 0.050357, 1288.62, 1129.66, 1.25, 51.7978, 53.6789, 166.03
97, 2, 2, 740, 0.029018, 0.029018, 1466.69, 1358.41, 0.45, 52.6453, 54.0264, 115.95
98, 2, 2, 740, 0.144449, 0.144449, 1546.18, 1455.59, -0.05, 48.4356, 54.2396, 108.66
99, 2, 2, 740, 7.4992e-09, 7.4992e-09, 1389.93, 1240.15, 0.05, 54.0101, 54.0101, 186.8
100, 2, 2, 740, 1.99021e-08, 1.92795e-08, 1307.69, 1156.63, -0.45, 52.7484, 52.7484, 168.04
101, 2, 2, 740, 0.0230914, 0.0230914, 1415.52, 1324.44, -2.65, 51.9688, 53.0815, 172.44
102, 2, 2, 740, 0.00408574, 0.00408574, 1237.89, 1160.45, -1.25, 50.6341, 50.8111, 182.59
103, 2, 2, 740, 0.0149335, 0.0149335, 1405.22, 1292.94, -1.55, 52.9326, 53.7551, 208.6
104, 2, 2, 740, 1.48997e-08, 1.73829e-08, 1612.12, 1472.67, 1.15, 55.5606, 55.5606, 164.96
105, 2, 2, 740, 0.194989, 0.222845, 1726.2, 1567.46, -2.45, 41.1607, 57.0536, 130.02
106, 2, 2, 740, 0.0345553, 0.0403146, 1389.3, 1214.2, -2.75, 49.989, 51.7573, 139.72
107, 2, 2, 740, 0.13714, 0.13714, 1528.03, 1458.54, -4.75, 46.5275, 52.2823, 130.82
108, 2, 2, 740, 0.000566008, 0.000660342, 1562.58, 1448.96, -4.65, 54.5033, 54.5313, 160.07
109, 2, 2, 740, 1.15464e-08, 1.15464e-08, 1532.83, 1409.48, -2.85, 53.4404, 53.4404, 168.75
110, 2, 2, 740, 1.46293e-08, 1.46293e-08, 1557.94, 1453.62, -0.05, 55.051, 55.051, 187.02
111, 2, 2, 740, 0.013992, 0.016324, 1729.27, 1441.92, 3.65, 58.266, 58.7531, 122.86
112, 2, 2, 740, 0.0338304, 0.0338304, 1653.81, 1462.46, -0.65, 55.5094, 57.0216, 125.02
113, 2, 2, 740, 0.190143, 0.221833, 1554, 1396.67, -0.65, 46.0217, 54.8932, 100.79
114, 2, 2, 740, 0.151474, 0.181768, 1709.91, 1508.96, 2.25, 51.0215, 57.7347, 106.59
115, 2, 2, 740, 0.0138445, 0.0138445, 1502.45, 1384.77, 1.65, 55.7507, 56.4688, 109
116, 2, 2, 740, 0.0446001, 0.0520335, 1808.15, 1573.7, 1.25, 55.7102, 58.2194, 139.74
117, 2, 2, 740, 0.043531, 0.043531, 1576.8, 1469.64, -0.65, 51.8471, 54.7031, 130.88
118, 2, 2, 740, 0.00991822, 0.00991822, 1373.87, 1239.03, -1.85, 53.6029, 54.1021, 97.37
119, 2, 2, 740, 0.109373, 0.127602, 1692.34, 1469.36, 1.95, 51.7477, 57.6743, 110.1
120, 2, 2, 740, 0.0827503, 0.0827503, 1522.77, 1393.25, 0.05, 52.3149, 55.4098, 112.98
121, 2, 2, 740, 7.0485e-09, 7.0485e-09, 1618, 1523.09, -1.85, 55.583, 55.583, 147.01
122, 2, 2, 740, 0.0409202, 0.0409202, 1713.8, 1568.78, 0.15, 54.9508, 57.4245, 128.38
123, 2, 2, 740, 0.0206291, 0.0206291, 1605.95, 1504.35, -2.05, 53.8432, 54.8666, 158.23
124, 2, 2, 740, 0.00695186, 0.00695186, 1630.06, 1423.91, 2.75, 57.6743, 58.0449, 152.76
125, 2, 2, 740, 0.224316, 0.261702, 2043.26, 1845.12, -1.25, 46.0718, 60.2127, 83.73
126, 2, 2, 740, 0.0204383, 0.0204383, 1545.06, 1443.07, -0.75, 53.8628, 54.9606, 103.86
127, 2, 2, 740, 0.140154, 0.140154, 1677.49, 1592.64, -3.05, 48.4215, 55.7063, 92.75
128, 2, 2, 740, 0.163774, 0.191069, 1905.83, 1735.81, -0.95, 44.2401, 57.3787, 140.23
129, 2, 2, 740, 1.55344e-08, 1.55344e-08, 1673.43, 1531.8, 1.95, 58.3415, 58.3415, 142.81
130, 2, 2, 740, 0.0388225, 0.0388225, 1576.59, 1429.91, 0.65, 54.2185, 56.0029, 103.31
131, 2, 2, 740, 0.214141, 0.244733, 1740.85, 1633.2, -0.75, 44.8637, 56.2392, 74.97
132, 2, 2, 740, 0.0846342, 0.0846342, 1443.21, 1384.18, -2.55, 47.1309, 52.8333, 84.23
133, 2, 2, 740, 0.153682, 0.175637, 1930.43, 1658.76, 0.55, 52.3099, 59.5578, 111.85
134, 2, 2, 740, 1.09021e-08, 1.17812e-08, 1735.66, 1559.05, -4.35, 57.1928, 57.1928, 164.64
135, 2, 2, 740, 0.754084, 0.99865, 5795.29, 3555.16, 6.32, 8, 102.302, 0
136, 2, 2, 740, 0.120767, 0.120767, 1490.6, 1398.47, -1.65, 49.5745, 54.5044, 140.47
137, 2, 2, 740, 0.273736, 0.273736, 1901.45, 1804.38, -3.45, 45.1341, 58.2329, 119.93
138, 2, 2, 740, 7.79383e-09, 9.8309e-09, 1544.76, 1297.7, -0.45, 56.7202, 56.7202, 143.24
139, 2, 2, 740, 0.262045, 0.262045, 1699.33, 1619.74, 0.25, 40.7636, 55.5704, 84.94
140, 2, 2, 740, 0.0837458, 0.0837458, 1608.15, 1515.15, -2.75, 51.1703, 55.2388, 160.24
141, 2, 2, 740, 0.0237253, 0.0237253, 1472.77, 1332.51, -0.25, 52.5792, 53.6855, 128.84
142, 2, 2, 740, 0.285548, 0.285548, 1485.55, 1419.01, -1.75, 36.1713, 53.7754, 169.2
143, 2, 2, 740, 0.0892876, 0.0759426, 1674.21, 1437.43, -2.05, 52.9189, 56.9214, 89.2
144, 2, 2, 740, 0.000994208, 0.000994208, 1269.93, 1138.82, -4.15, 52.4625, 52.5014, 148.14
145, 2, 2, 740, 0.0479194, 0.0479194, 1313.89, 1194.49, -1.85, 50.8612, 52.6116, 133.56
146, 2, 2, 740, 1.10829e-08, 1.10829e-08, 1243.55, 1180.3, -9.95, 51.1394, 51.1394, 153.64
147, 2, 2, 740, 1.13202e-08, 1.32069e-08, 1419.54, 1228.23, 0.65, 55.1883, 55.1883, 127.88
148, 2, 2, 740, 6.27288e-09, 6.27288e-09, 1525.61, 1410.37, -1.55, 53.5614, 53.5614, 169.74
149, 2, 2, 740, 0.214861, 0.214861, 1723.81, 1521.23, -0.35, 49.6449, 58.1516, 102.87
150, 2, 2, 740, 9.69213e-09, 9.69213e-09, 1349.2, 1232.51, -0.65, 53.6136, 53.6136, 169.09
151, 2, 2, 740, 1.30511e-08, 1.30511e-08, 1645.56, 1458.11, 0.25, 56.6682, 56.6682, 185.65
152, 2, 2, 740, 0.14257, 0.14257, 1281.48, 1234.84, -2.05, 43.9058, 50.0184, 134.67
153, 2, 2, 740, 0.0227378, 0.0259861, 1425.3, 1322.13, -5.75, 52.1557, 53.6931, 146.96
154, 2, 2, 740, 0.154597, 0.154597, 1593.59, 1481.92, 0.55, 47.2081, 55.5826, 112.96
155, 2, 2, 740, 1.23299e-08, 1.23299e-08, 1264.21, 1201.25, -4.25, 51.158, 51.158, 215.76
156, 2, 2, 740, 2.61556e-09, 2.61556e-09, 1464.32, 1369.3, -1.55, 53.3244, 53.3244, 181.47
157, 2, 2, 740, 0.109076, 0.127255, 1506.55, 1385.06, -1.25, 48.5718, 53.9303, 144.89
158, 2, 2, 740, 0.0249065, 0.0249065, 1379.16, 1276.1, -1.15, 51.8511, 53.1401, 175.01
159, 2, 2, 740, 0.158595, 0.158595, 1494.22, 1423.13, -3.05, 47.3323, 53.5637, 150.14
160, 2, 2, 740, 0.00526678, 0.00614458, 1420.12, 1319.47, -1.95, 51.1043, 51.3552, 203.32
161, 2, 2, 740, 0.21893, 0.21893, 1603.15, 1490.74, -2.15, 45.5501, 55.2711, 98.54
162, 2, 2, 740, 0.128665, 0.128665, 1306.09, 1098.91, 0.75, 51.2641, 54.7462, 112.52
163, 2, 2, 740, 0.0844043, 0.0844043, 1492.47, 1403.82, -1.55, 48.8242, 52.6714, 155.41
164, 2, 2, 740, 0.0502296, 0.0502296, 1288.62, 1129.66, 1.25, 51.8023, 53.6789, 166.03
165, 2, 2, 740, 0.0289341, 0.0289341, 1466.69, 1358.41, 0.45, 52.6492, 54.0264, 115.95
166, 2, 2, 740, 0.14446, 0.14446, 1546.18, 1455.59, -0.05, 48.4375, 54.2396, 108.66
167, 2, 2, 740, 7.4992e-09, 7.4992e-09, 1389.93, 1240.15, 0.05, 54.0101, 54.0101, 186.8
168, 2, 2, 740, 1.99021e-08, 1.92795e-08, 1307.69, 1156.63, -0.45, 52.7484, 52.7484, 168.04
169, 2, 2, 740, 0.0333403, 0.0333403, 1415.52, 1324.44, -2.65, 51.4816, 53.0815, 172.44
170, 2, 2, 740, 0.01901, 0.01901, 1237.89, 1160.45, -1.25, 49.9872, 50.8111, 182.59
171, 2, 2, 740, 0.0266764, 0.0266764, 1405.22, 1292.94, -1.55, 52.2858, 53.7551, 208.6
172, 2, 2, 740, 0.00782998, 0.00913498, 1612.12, 1472.67, 1.15, 55.1895, 55.5606, 164.96
173, 2, 2, 740, 0.200538, 0.229186, 1726.2, 1567.46, -2.45, 40.8973, 57.0536, 130.02
174, 2, 2, 740, 0.044497, 0.0519132, 1389.3, 1214.2, -2.75, 49.4803, 51.7573, 139.72
175, 2, 2, 740, 0.1462, 0.1462, 1528.03, 1458.54, -4.75, 45.9956, 52.2823, 130.82
176, 2, 2, 740, 0.0136278, 0.0158991, 1562.58, 1448.96, -4.65, 53.8565, 54.5313, 160.07
177, 2, 2, 740, 1.15464e-08, 1.15464e-08, 1532.83, 1409.48, -2.85, 53.4404, 53.4404, 168.75
178, 2, 2, 740, 0.000624629, 0.000624629, 1557.94, 1453.62, -0.05, 55.0229, 55.051, 187.02
179, 2, 2, 740, 0.0196153, 0.0228845, 1729.27, 1441.92, 3.65, 58.0702, 58.7531, 122.86
180, 2, 2, 740, 0.0503884, 0.0503884, 1653.81, 1462.46, -0.65, 54.7758, 57.0216, 125.02
181, 2, 2, 740, 0.189277, 0.220823, 1554, 1396.67, -0.65, 45.7418, 54.8932, 100.79
182, 2, 2, 740, 0.16582, 0.198984, 1709.91, 1508.96, 2.25, 50.3671, 57.7347, 106.59
183, 2, 2, 740, 0.0260323, 0.0260323, 1502.45, 1384.77, 1.65, 55.1822, 56.4688, 109
184, 2, 2, 740, 0.0571381, 0.0666611, 1808.15, 1573.7, 1.25, 55.0142, 58.2194, 139.74
185, 2, 2, 740, 0.048696, 0.048696, 1576.8, 1469.64, -0.65, 51.5083, 54.7031, 130.88
186, 2, 2, 740, 0.0168311, 0.0168311, 1373.87, 1239.03, -1.85, 53.255, 54.1021, 97.37
187, 2, 2, 740, 0.112359, 0.131086, 1692.34, 1469.36, 1.95, 51.4946, 57.6743, 110.1
188, 2, 2, 740, 0.115317, 0.115317, 1522.77, 1393.25, 0.05, 50.931, 55.4098, 112.98
189, 2, 2, 740, 7.0485e-09, 7.0485e-09, 1618, 1523.09, -1.85, 55.583, 55.583, 147.01
190, 2, 2, 740, 0.06961, 0.06961, 1713.8, 1568.78, 0.15, 53.2526, 57.4245, 128.38
191, 2, 2, 740, 0.0535671, 0.0535671, 1605.95, 1504.35, -2.05, 52.3232, 54.8666, 158.23
192, 2, 2, 740, 0.0228799, 0.0228799, 1630.06, 1423.91, 2.75, 56.8252, 58.0449, 152.76
193, 2, 2, 740, 0.228243, 0.266284, 2043.26, 1845.12, -1.25, 45.4838, 60.2127, 83.73
194, 2, 2, 740, 0.035574, 0.035574, 1545.06, 1443.07, -0.75, 53.0698, 54.9606, 103.86
195, 2, 2, 740, 0.142647, 0.142647, 1677.49, 1592.64, -3.05, 48.041, 55.7063, 92.75
196, 2, 2, 740, 0.169966, 0.198293, 1905.83, 1735.81, -0.95, 43.9451, 57.3787, 140.23
197, 2, 2, 740, 0.0108481, 0.0108481, 1673.43, 1531.8, 1.95, 57.816, 58.3415, 142.81
198, 2, 2, 740, 0.053202, 0.053202, 1576.59, 1429.91, 0.65, 53.602, 56.0029, 103.31
199, 2, 2, 740, 0.217694, 0.248793, 1740.85, 1633.2, -0.75, 44.4681, 56.2392, 74.97
200, 2, 2, 740, 0.0848956, 0.0848956, 1443.21, 1384.18, -2.55, 47.1174, 52.8333, 84.23
201, 2, 2, 740, 0.153768, 0.175735, 1930.43, 1658.76, 0.55, 52.3048, 59.5578, 111.85
202, 2, 2, 740, 1.09021e-08, 1.17812e-08, 1735.66, 1559.05, -4.35, 57.1928, 57.1928, 164.64
203, 2, 2, 740, 0.754115, 0.998397, 5795.29, 3555.16, 6.32, 8, 102.302, 0
204, 2, 2, 740, 0.121068, 0.121068, 1490.6, 1398.47, -1.65, 49.5576, 54.5044, 140.47
205, 2, 2, 740, 0.273912, 0.273912, 1901.45, 1804.38, -3.45, 45.1169, 58.2329, 119.93
206, 2, 2, 740, 7.79383e-09, 9.8309e-09, 1544.76, 1297.7, -0.45, 56.7202, 56.7202, 143.24
207, 2, 2, 740, 0.262189, 0.262189, 1699.33, 1619.74, 0.25, 40.7531, 55.5704, 84.94
208, 2, 2, 740, 0.0781989, 0.0781989, 1608.15, 1515.15, -2.75, 51.4502, 55.2388, 160.24
209, 2, 2, 740, 0.0174933, 0.0174933, 1472.77, 1332.51, -0.25, 52.8698, 53.6855, 128.84
210, 2, 2, 740, 0.285522, 0.285522, 1485.55, 1419.01, -1.75, 36.1734, 53.7754, 169.2
211, 2, 2, 740, 0.0893132, 0.0759437, 1674.21, 1437.43, -2.05, 52.9203, 56.9214, 89.2
212, 2, 2, 740, 0.000817885, 0.000817885, 1269.93, 1138.82, -4.15, 52.4694, 52.5014, 148.14
213, 2, 2, 740, 0.0478394, 0.0478394, 1313.89, 1194.49, -1.85, 50.8664, 52.6116, 133.56
214, 2, 2, 740, 1.10829e-08, 1.10829e-08, 1243.55, 1180.3, -9.95, 51.1394, 51.1394, 153.64
215, 2, 2, 740, 1.13202e-08, 1.32069e-08, 1419.54, 1228.23, 0.65, 55.1883, 55.1883, 127.88
216, 2, 2, 740, 6.27288e-09, 6.27288e-09, 1525.61, 1410.37, -1.55, 53.5614, 53.5614, 169.74
217, 2, 2, 740, 0.215174, 0.215174, 1723.81, 1521.23, -0.35, 49.6466, 58.1516, 102.87
218, 2, 2, 740, 9.69213e-09, 9.69213e-09, 1349.2, 1232.51, -0.65, 53.6136, 53.6136, 169.09
219, 2, 2, 740, 1.30511e-08, 1.30511e-08, 1645.56, 1458.11, 0.25, 56.6682, 56.6682, 185.65
220, 2, 2, 740, 0.138881, 0.138881, 1281.48, 1234.84, -2.05, 44.0675, 50.0184, 134.67
221, 2, 2, 740, 0.0199088, 0.0227529, 1425.3, 1322.13, -5.75, 52.347, 53.6931, 146.96
222, 2, 2, 740, 0.154911, 0.154911, 1593.59, 1481.92, 0.55, 47.2796, 55.5826, 112.96
223, 2, 2, 740, 1.23299e-08, 1.23299e-08, 1264.21, 1201.25, -4.25, 51.158, 51.158, 215.76
224, 2, 2, 740, 2.61556e-09, 2.61556e-09, 1464.32, 1369.3, -1.55, 53.3244, 53.3244, 181.47
225, 2, 2, 740, 0.110761, 0.129222, 1506.55, 1385.06, -1.25, 48.6539, 53.9303, 144.89
226, 2, 2, 740, 0.0216435, 0.0216435, 1379.16, 1276.1, -1.15, 52.02, 53.1401, 175.01
227, 2, 2, 740, 0.153761, 0.153761, 1494.22, 1423.13, -3.05, 47.5656, 53.5637, 150.14
228, 2, 2, 740, 1.05949e-08, 1.23607e-08, 1420.12, 1319.47, -1.95, 51.3552, 51.3552, 203.32
229, 2, 2, 740, 0.200575, 0.200575, 1603.15, 1490.74, -2.15, 46.4359, 55.2711, 98.54
230, 2, 2, 740, 0.127655, 0.127655, 1306.09, 1098.91, 0.75, 51.465, 54.7462, 112.52
231, 2, 2, 740, 0.0803024, 0.0803024, 1492.47, 1403.82, -1.55, 49.0447, 52.6714, 155.41
232, 2, 2, 740, 0.0425682, 0.0425682, 1288.62, 1129.66, 1.25, 52.0739, 53.6789, 166.03
233, 2, 2, 740, 0.0237556, 0.0237556, 1466.69, 1358.41, 0.45, 52.8957, 54.0264, 115.95
234, 2, 2, 740, 0.145432, 0.145432, 1546.18, 1455.59, -0.05, 48.5514, 54.2396, 108.66
235, 2, 2, 740, 7.4992e-09, 7.4992e-09, 1389.93, 1240.15, 0.05, 54.0101, 54.0101, 186.8
236, 2, 2, 740, 1.99021e-08, 1.92795e-08, 1307.69, 1156.63, -0.45, 52.7484, 52.7484, 168.04
237, 2, 2, 740, 0.0280685, 0.0280685, 1415.52, 1324.44, -2.65, 51.729, 53.0815, 172.44
238, 2, 2, 740, 0.00972175, 0.00972175, 1237.89, 1160.45, -1.25, 50.3898, 50.8111, 182.59
239, 2, 2, 740, 0.0193681, 0.0193681, 1405.22, 1292.94, -1.55, 52.6883, 53.7551, 208.6
240, 2, 2, 740, 1.48997e-08, 1.73829e-08, 1612.12, 1472.67, 1.15, 55.5606, 55.5606, 164.96
241, 2, 2, 740, 0.195154, 0.223033, 1726.2, 1567.46, -2.45, 41.1537, 57.0536, 130.02
242, 2, 2, 740, 0.0348735, 0.0406858, 1389.3, 1214.2, -2.75, 49.9727, 51.7573, 139.72
243, 2, 2, 740, 0.137392, 0.137392, 1528.03, 1458.54, -4.75, 46.5121, 52.2823, 130.82
244, 2, 2, 740, 0.000984038, 0.00114804, 1562.58, 1448.96, -4.65, 54.4826, 54.5313, 160.07
245, 2, 2, 740, 1.15464e-08, 1.15464e-08, 1532.83, 1409.48, -2.85, 53.4404, 53.4404, 168.75
246, 2, 2, 740, 1.46293e-08, 1.46293e-08, 1557.94, 1453.62, -0.05, 55.051, 55.051, 187.02
247, 2, 2, 740, 0.00755741, 0.00881697, 1729.27, 1441.92, 3.65, 58.49, 58.7531, 122.86
248, 2, 2, 740, 0.0248451, 0.0248451, 1653.81, 1462.46, -0.65, 55.9093, 57.0216, 125.02
249, 2, 2, 740, 0.193979, 0.226309, 1554, 1396.67, -0.65, 46.1196, 54.8932, 100.79
250, 2, 2, 740, 0.141495, 0.169794, 1709.91, 1508.96, 2.25, 51.4773, 57.7347, 106.59
251, 2, 2, 740, 0.00903419, 0.00903419, 1502.45, 1384.77, 1.65, 56.0002, 56.4688, 109
252, 2, 2, 740, 0.0356101, 0.0415451, 1808.15, 1573.7, 1.25, 56.2091, 58.2194, 139.74
253, 2, 2, 740, 0.0398276, 0.0398276, 1576.8, 1469.64, -0.65, 52.0901, 54.7031, 130.88
254, 2, 2, 740, 0.00496155, 0.00496155, 1373.87, 1239.03, -1.85, 53.8524, 54.1021, 97.37
255, 2, 2, 740, 0.107649, 0.125591, 1692.34, 1469.36, 1.95, 51.9106, 57.6743, 110.1
256, 2, 2, 740, 0.0932633, 0.0932633, 1522.77, 1393.25, 0.05, 51.8769, 55.4098, 112.98
257, 2, 2, 740, 7.0485e-09, 7.0485e-09, 1618, 1523.09, -1.85, 55.583, 55.583, 147.01
258, 2, 2, 740, 0.0511903, 0.0511903, 1713.8, 1568.78, 0.15, 54.3429, 57.4245, 128.38
259, 2, 2, 740, 0.0297211, 0.0297211, 1605.95, 1504.35, -2.05, 53.4135, 54.8666, 158.23
260, 2, 2, 740, 0.0126358, 0.0126358, 1630.06, 1423.91, 2.75, 57.3713, 58.0449, 152.76
261, 2, 2, 740, 0.22529, 0.262839, 2043.26, 1845.12, -1.25, 45.8843, 60.2127, 83.73
262, 2, 2, 740, 0.0255582, 0.0255582, 1545.06, 1443.07, -0.75, 53.5878, 54.9606, 103.86
263, 2, 2, 740, 0.1406, 0.1406, 1677.49, 1592.64, -3.05, 48.3064, 55.7063, 92.75
264, 2, 2, 740, 0.165737, 0.193359, 1905.83, 1735.81, -0.95, 44.1555, 57.3787, 140.23
265, 2, 2, 740, 1.55344e-08, 1.55344e-08, 1673.43, 1531.8, 1.95, 58.3415, 58.3415, 142.81
266, 2, 2, 740, 0.0395265, 0.0395265, 1576.59, 1429.91, 0.65, 54.1885, 56.0029, 103.31
267, 2, 2, 740, 0.214283, 0.244894, 1740.85, 1633.2, -0.75, 44.8452, 56.2392, 74.97
268, 2, 2, 740, 0.0851267, 0.0851267, 1443.21, 1384.18, -2.55, 47.1054, 52.8333, 84.23
269, 2, 2, 740, 0.153844, 0.175821, 1930.43, 1658.76, 0.55, 52.3002, 59.5578, 111.85
270, 2, 2, 740, 0.00665421, 0.00887228, 1735.66, 1559.05, -4.35, 56.8246, 57.1928, 164.64
271, 2, 2, 740, 0.754867, 0.991812, 5795.29, 3555.16, 6.32, 8, 102.302, 0
272, 2, 2, 740, 0.129402, 0.129402, 1490.6, 1398.47, -1.65, 49.1039, 54.5044, 140.47
273, 2, 2, 740, 0.279027, 0.279027, 1901.45, 1804.38, -3.45, 44.643, 58.2329, 119.93
274, 2, 2, 740, 7.79383e-09, 9.8309e-09, 1544.76, 1297.7, -0.45, 56.7202, 56.7202, 143.24
275, 2, 2, 740, 0.266266, 0.266266, 1699.33, 1619.74, 0.25, 40.4675, 55.5704, 84.94
276, 2, 2, 740, 0.0861157, 0.0861157, 1608.15, 1515.15, -2.75, 51.0511, 55.2388, 160.24
277, 2, 2, 740, 0.0262457, 0.0262457, 1472.77, 1332.51, -0.25, 52.4617, 53.6855, 128.84
278, 2, 2, 740, 0.286004, 0.286004, 1485.55, 1419.01, -1.75, 36.1352, 53.7754, 169.2
279, 2, 2, 740, 0.0889032, 0.0759932, 1674.21, 1437.43, -2.05, 52.8957, 56.9214, 89.2
280, 2, 2, 740, 0.00526372, 0.00526372, 1269.93, 1138.82, -4.15, 52.2951, 52.5014, 148.14
281, 2, 2, 740, 0.0500021, 0.0500021, 1313.89, 1194.49, -1.85, 50.7317, 52.6116, 133.56
282, 2, 2, 740, 1.10829e-08, 1.10829e-08, 1243.55, 1180.3, -9.95, 51.1394, 51.1394, 153.64
283, 2, 2, 740, 1.13202e-08, 1.32069e-08, 1419.54, 1228.23, 0.65, 55.1883, 55.1883, 127.88
284, 2, 2, 740, 6.27288e-09, 6.27288e-09, 1525.61, 1410.37, -1.55, 53.5614, 53.5614, 169.74
285, 2, 2, 740, 0.207319, 0.207319, 1723.81, 1521.23, -0.35, 49.6006, 58.1516, 102.87
286, 2, 2, 740, 9.69213e-09, 9.69213e-09, 1349.2, 1232.51, -0.65, 53.6136, 53.6136, 169.09
287, 2, 2, 740, 1.30511e-08, 1.30511e-08, 1645.56, 1458.11, 0.25, 56.6682, 56.6682, 185.65
288, 2, 2, 740, 0.151242, 0.151242, 1281.48, 1234.84, -2.05, 43.5261, 50.0184, 134.67
289, 2, 2, 740, 0.0289599, 0.033097, 1425.3, 1322.13, -5.75, 51.735, 53.6931, 146.96
290, 2, 2, 740, 0.156655, 0.156655, 1593.59, 1481.92, 0.55, 46.9784, 55.5826, 112.96
291, 2, 2, 740, 1.23299e-08, 1.23299e-08, 1264.21, 1201.25, -4.25, 51.158, 51.158, 215.76
292, 2, 2, 740, 2.61556e-09, 2.61556e-09, 1464.32, 1369.3, -1.55, 53.3244, 53.3244, 181.47
293, 2, 2, 740, 0.106396, 0.124129, 1506.55, 1385.06, -1.25, 48.324, 53.9303, 144.89
294, 2, 2, 740, 0.0331331, 0.0331331, 1379.16, 1276.1, -1.15, 51.4253, 53.1401, 175.01
295, 2, 2, 740, 0.171529, 0.171529, 1494.22, 1423.13, -3.05, 46.6607, 53.5637, 150.14
296, 2, 2, 740, 0.00785924, 0.00916912, 1420.12, 1319.47, -1.95, 50.9808, 51.3552, 203.32
297, 2, 2, 740, 0.223291, 0.223291, 1603.15, 1490.74, -2.15, 45.3408, 55.2711, 98.54
298, 2, 2, 740, 0.131127, 0.131127, 1306.09, 1098.91, 0.75, 51.0874, 54.7462, 112.52
299, 2, 2, 740, 0.0866033, 0.0866033, 1492.47, 1403.82, -1.55, 48.708, 52.6714, 155.41
300, 2, 2, 740, 0.055859, 0.055859, 1288.62, 1129.66, 1.25, 51.602, 53.6789, 166.03
301, 2, 2, 740, 0.032578, 0.032578, 1466.69, 1358.41, 0.45, 52.4758, 54.0264, 115.95
302, 2, 2, 740, 0.144127, 0.144127, 1546.18, 1455.59, -0.05, 48.3488, 54.2396, 108.66
303, 2, 2, 740, 7.4992e-09, 7.4992e-09, 1389.93, 1240.15, 0.05, 54.0101, 54.0101, 186.8
304, 2, 2, 740, 1.99021e-08, 1.92795e-08, 1307.69, 1156.63, -0.45, 52.7484, 52.7484, 168.04
305, 2, 2, 740, 0.039364, 0.039364, 1415.52, 1324.44, -2.65, 51.2294, 53.0815, 172.44
306, 2, 2, 740, 0.0194104, 0.0194104, 1237.89, 1160.45, -1.25, 49.9699, 50.8111, 182.59
307, 2, 2, 740, 0.0269915, 0.0269915, 1405.22, 1292.94, -1.55, 52.2684, 53.7551, 208.6
308, 2, 2, 740, 0.00819615, 0.00956217, 1612.12, 1472.67, 1.15, 55.1722, 55.5606, 164.96
309, 2, 2, 740, 0.2007, 0.229371, 1726.2, 1567.46, -2.45, 40.8889, 57.0536, 130.02
310, 2, 2, 740, 0.046021, 0.0536912, 1389.3, 1214.2, -2.75, 49.4064, 51.7573, 139.72
311, 2, 2, 740, 0.147157, 0.147157, 1528.03, 1458.54, -4.75, 45.9417, 52.2823, 130.82
312, 2, 2, 740, 0.0148108, 0.0172793, 1562.58, 1448.96, -4.65, 53.7979, 54.5313, 160.07
313, 2, 2, 740, 1.15464e-08, 1.15464e-08, 1532.83, 1409.48, -2.85, 53.4404, 53.4404, 168.75
314, 2, 2, 740, 0.00192669, 0.00192669, 1557.94, 1453.62, -0.05, 54.9643, 55.051, 187.02
315, 2, 2, 740, 0.0207435, 0.0242008, 1729.27, 1441.92, 3.65, 58.0309, 58.7531, 122.86
316, 2, 2, 740, 0.0505744, 0.0505744, 1653.81, 1462.46, -0.65, 54.768, 57.0216, 125.02
317, 2, 2, 740, 0.1893, 0.220849, 1554, 1396.67, -0.65, 45.7381, 54.8932, 100.79
318, 2, 2, 740, 0.165933, 0.199119, 1709.91, 1508.96, 2.25, 50.362, 57.7347, 106.59
319, 2, 2, 740, 0.0261398, 0.0261398, 1502.45, 1384.77, 1.65, 55.1773, 56.4688, 109
320, 2, 2, 740, 0.0469469, 0.0547714, 1808.15, 1573.7, 1.25, 55.5799, 58.2194, 139.74
321, 2, 2, 740, 0.0444978, 0.0444978, 1576.8, 1469.64, -0.65, 51.7837, 54.7031, 130.88
322, 2, 2, 740, 0.0112121, 0.0112121, 1373.87, 1239.03, -1.85, 53.5378, 54.1021, 97.37
323, 2, 2, 740, 0.10988, 0.128194, 1692.34, 1469.36, 1.95, 51.7026, 57.6743, 110.1
324, 2, 2, 740, 0.104455, 0.104455, 1522.77, 1393.25, 0.05, 51.4017, 55.4098, 112.98
325, 2, 2, 740, 7.0485e-09, 7.0485e-09, 1618, 1523.09, -1.85, 55.583, 55.583, 147.01
326, 2, 2, 740, 0.0618209, 0.0618209, 1713.8, 1568.78, 0.15, 53.7137, 57.4245, 128.38
327, 2, 2, 740, 0.0434834, 0.0434834, 1605.95, 1504.35, -2.05, 52.7843, 54.8666, 158.23
328, 2, 2, 740, 0.0185555, 0.0185555, 1630.06, 1423.91, 2.75, 57.0558, 58.0449, 152.76
329, 2, 2, 740, 0.226798, 0.264597, 2043.26, 1845.12, -1.25, 45.6635, 60.2127, 83.73
330, 2, 2, 740, 0.0208239, 0.0208239, 1545.06, 1443.07, -0.75, 53.8421, 54.9606, 103.86
331, 2, 2, 740, 0.14017, 0.14017, 1677.49, 1592.64, -3.05, 48.4136, 55.7063, 92.75
332, 2, 2, 740, 0.163912, 0.191231, 1905.83, 1735.81, -0.95, 44.2345, 57.3787, 140.23
333, 2, 2, 740, 1.55344e-08, 1.55344e-08, 1673.43, 1531.8, 1.95, 58.3415, 58.3415, 142.81
334, 2, 2, 740, 0.0335803, 0.0335803, 1576.59, 1429.91, 0.65, 54.4494, 56.0029, 103.31
335, 2, 2, 740, 0.213144, 0.243593, 1740.85, 1633.2, -0.75, 45.0097, 56.2392, 74.97
336, 2, 2, 740, 0.0806483, 0.0806483, 1443.21, 1384.18, -2.55, 47.335, 52.8333, 84.23
337, 2, 2, 740, 0.152419, 0.174193, 1930.43, 1658.76, 0.55, 52.3876, 59.5578, 111.85
338, 2, 2, 740, 1.09021e-08, 1.17812e-08, 1735.66, 1559.05, -4.35, 57.1928, 57.1928, 164.64
339, 2, 2, 740, 0.781275, 0.999373, 5795.29, 3555.16, 6.32, 8, 102.302, 0
340, 2, 2, 740, 0.122053, 0.122053, 1490.6, 1398.47, -1.65, 49.5027, 54.5044, 140.47
341, 2, 2, 740, 0.274491, 0.274491, 1901.45, 1804.38, -3.45, 45.0609, 58.2329, 119.93
342, 2, 2, 740, 7.79383e-09, 9.8309e-09, 1544.76, 1297.7, -0.45, 56.7202, 56.7202, 143.24
343, 2, 2, 740, 0.262663, 0.262663, 1699.33, 1619.74, 0.25, 40.7187, 55.5704, 84.94
344, 2, 2, 740, 0.0791497, 0.0791497, 1608.15, 1515.15, -2.75, 51.4021, 55.2388, 160.24
345, 2, 2, 740, 0.0185981, 0.0185981, 1472.77, 1332.51, -0.25, 52.8183, 53.6855, 128.84
346, 2, 2, 740, 0.284753, 0.284753, 1485.55, 1419.01, -1.75, 36.2358, 53.7754, 169.2
347, 2, 2, 740, 0.0902909, 0.0762439, 1674.21, 1437.43, -2.05, 52.9602, 56.9214, 89.2
348, 2, 2, 740, 1.72026e-08, 1.72026e-08, 1269.93, 1138.82, -4.15, 52.5014, 52.5014, 148.14
349, 2, 2, 740, 0.045485, 0.045485, 1313.89, 1194.49, -1.85, 51.0292, 52.6116, 133.56
350, 2, 2, 740, 1.10829e-08, 1.10829e-08, 1243.55, 1180.3, -9.95, 51.1394, 51.1394, 153.64
351, 2, 2, 740, 1.13202e-08, 1.32069e-08, 1419.54, 1228.23, 0.65, 55.1883, 55.1883, 127.88
352, 2, 2, 740, 6.27288e-09, 6.27288e-09, 1525.61, 1410.37, -1.55, 53.5614, 53.5614, 169.74
353, 2, 2, 740, 0.246521, 0.246521, 1723.81, 1521.23, -0.35, 49.7582, 58.1516, 102.87
354, 2, 2, 740, 9.69213e-09, 9.69213e-09, 1349.2, 1232.51, -0.65, 53.6136, 53.6136, 169.09
355, 2, 2, 740, 1.30511e-08, 1.30511e-08, 1645.56, 1458.11, 0.25, 56.6682, 56.6682, 185.65
356, 2, 2, 740, 0.133946, 0.133946, 1281.48, 1234.84, -2.05, 44.2826, 50.0184, 134.67
357, 2, 2, 740, 0.0159685, 0.0182497, 1425.3, 1322.13, -5.75, 52.6134, 53.6931, 146.96
358, 2, 2, 740, 0.155703, 0.155703, 1593.59, 1481.92, 0.55, 47.3647, 55.5826, 112.96
359, 2, 2, 740, 1.23299e-08, 1.23299e-08, 1264.21, 1201.25, -4.25, 51.158, 51.158, 215.76
360, 2, 2, 740, 2.61556e-09, 2.61556e-09, 1464.32, 1369.3, -1.55, 53.3244, 53.3244, 181.47
361, 2, 2, 740, 0.108377, 0.12644, 1506.55, 1385.06, -1.25, 48.5281, 53.9303, 144.89
362, 2, 2, 740, 0.0265087, 0.0265087, 1379.16, 1276.1, -1.15, 51.7682, 53.1401, 175.01
363, 2, 2, 740, 0.160983, 0.160983, 1494.22, 1423.13, -3.05, 47.2123, 53.5637, 150.14
364, 2, 2, 740, 1.05949e-08, 1.23607e-08, 1420.12, 1319.47, -1.95, 51.3552, 51.3552, 203.32
365, 2, 2, 740, 0.209876, 0.209876, 1603.15, 1490.74, -2.15, 45.986, 55.2711, 98.54
366, 2, 2, 740, 0.127792, 0.127792, 1306.09, 1098.91, 0.75, 51.4716, 54.7462, 112.52
367, 2, 2, 740, 0.0800126, 0.0800126, 1492.47, 1403.82, -1.55, 49.0605, 52.6714, 155.41
368, 2, 2, 740, 0.0420144, 0.0420144, 1288.62, 1129.66, 1.25, 52.0935, 53.6789, 166.03
369, 2, 2, 740, 0.0233705, 0.0233705, 1466.69, 1358.41, 0.45, 52.9141, 54.0264, 115.95
370, 2, 2, 740, 0.144547, 0.144547, 1546.18, 1455.59, -0.05, 48.4521, 54.2396, 108.66
371, 2, 2, 740, 7.4992e-09, 7.4992e-09, 1389.93, 1240.15, 0.05, 54.0101, 54.0101, 186.8
372, 2, 2, 740, 1.99021e-08, 1.92795e-08, 1307.69, 1156.63, -0.45, 52.7484, 52.7484, 168.04
373, 2, 2, 740, 0.0324812, 0.0324812, 1415.52, 1324.44, -2.65, 51.5164, 53.0815, 172.44
374, 2, 2, 740, 0.0147175, 0.0147175, 1237.89, 1160.45, -1.25, 50.1733, 50.8111, 182.59
375, 2, 2, 740, 0.0232989, 0.0232989, 1405.22, 1292.94, -1.55, 52.4718, 53.7551, 208.6
376, 2, 2, 740, 0.00390463, 0.0045554, 1612.12, 1472.67, 1.15, 55.3756, 55.5606, 164.96
377, 2, 2, 740, 0.198849, 0.227256, 1726.2, 1567.46, -2.45, 40.9829, 57.0536, 130.02
378, 2, 2, 740, 0.0416376, 0.0485772, 1389.3, 1214.2, -2.75, 49.6266, 51.7573, 139.72
379, 2, 2, 740, 0.143323, 0.143323, 1528.03, 1458.54, -4.75, 46.1601, 52.2823, 130.82
380, 2, 2, 740, 0.0124957, 0.0145783, 1562.58, 1448.96, -4.65, 53.9125, 54.5313, 160.07
381, 2, 2, 740, 1.15464e-08, 1.15464e-08, 1532.83, 1409.48, -2.85, 53.4404, 53.4404, 168.75
382, 2, 2, 740, 1.46293e-08, 1.46293e-08, 1557.94, 1453.62, -0.05, 55.051, 55.051, 187.02
383, 2, 2, 740, 0.0185357, 0.021625, 1729.27, 1441.92, 3.65, 58.1078, 58.7531, 122.86
384, 2, 2, 740, 0.0443907, 0.0443907, 1653.81, 1462.46, -0.65, 55.0375, 57.0216, 125.02
385, 2, 2, 740, 0.188385, 0.219782, 1554, 1396.67, -0.65, 45.8986, 54.8932, 100.79
386, 2, 2, 740, 0.16111, 0.193332, 1709.91, 1508.96, 2.25, 50.5815, 57.7347, 106.59
387, 2, 2, 740, 0.0214466, 0.0214466, 1502.45, 1384.77, 1.65, 55.3918, 56.4688, 109
388, 2, 2, 740, 0.0531017, 0.0619519, 1808.15, 1573.7, 1.25, 55.2383, 58.2194, 139.74
389, 2, 2, 740, 0.0470332, 0.0470332, 1576.8, 1469.64, -0.65, 51.6174, 54.7031, 130.88
390, 2, 2, 740, 0.00844869, 0.00844869, 1373.87, 1239.03, -1.85, 53.6769, 54.1021, 97.37
391, 2, 2, 740, 0.108826, 0.126963, 1692.34, 1469.36, 1.95, 51.7977, 57.6743, 110.1
392, 2, 2, 740, 0.0993342, 0.0993342, 1522.77, 1393.25, 0.05, 51.6239, 55.4098, 112.98
393, 2, 2, 740, 7.0485e-09, 7.0485e-09, 1618, 1523.09, -1.85, 55.583, 55.583, 147.01
394, 2, 2, 740, 0.057121, 0.057121, 1713.8, 1568.78, 0.15, 53.9919, 57.4245, 128.38
395, 2, 2, 740, 0.0373989, 0.0373989, 1605.95, 1504.35, -2.05, 53.0624, 54.8666, 158.23
396, 2, 2, 740, 0.0159462, 0.0159462, 1630.06, 1423.91, 2.75, 57.1949, 58.0449, 152.76
397, 2, 2, 740, 0.226069, 0.263747, 2043.26, 1845.12, -1.25, 45.7643, 60.2127, 83.73
398, 2, 2, 740, 0.0285401, 0.0285401, 1545.06, 1443.07, -0.75, 53.4276, 54.9606, 103.86
399, 2, 2, 740, 0.141086, 0.141086, 1677.49, 1592.64, -3.05, 48.2288, 55.7063, 92.75
400, 2, 2, 740, 0.164624, 0.192061, 1905.83, 1735.81, -0.95, 44.2048, 57.3787, 140.23
401, 2, 2, 740, 1.55344e-08, 1.55344e-08, 1673.43, 1531.8, 1.95, 58.3415, 58.3415, 142.81
402, 2, 2, 740, 0.0356776, 0.0356776, 1576.59, 1429.91, 0.65, 54.3524, 56.0029, 103.31
403, 2, 2, 740, 0.213556, 0.244064, 1740.85, 1633.2, -0.75, 44.9453, 56.2392, 74.97
404, 2, 2, 740, 0.0824316, 0.0824316, 1443.21, 1384.18, -2.55, 47.2442, 52.8333, 84.23
405, 2, 2, 740, 0.152974, 0.174828, 1930.43, 1658.76, 0.55, 52.353, 59.5578, 111.85
406, 2, 2, 740, 1.09021e-08, 1.17812e-08, 1735.66, 1559.05, -4.35, 57.1928, 57.1928, 164.64
407, 2, 2, 740, 0.768647, 0.999078, 5795.29, 3555.16, 6.32, 8, 102.302, 0
408, 2, 2, 740, 0.118265, 0.118265, 1490.6, 1398.47, -1.65, 49.7165, 54.5044, 140.47
409, 2, 2, 740, 0.272302, 0.272302, 1901.45, 1804.38, -3.45, 45.2765, 58.2329, 119.93
410, 2, 2, 740, 7.79383e-09, 9.8309e-09, 1544.76, 1297.7, -0.45, 56.7202, 56.7202, 143.24
411, 2, 2, 740, 0.258988, 0.258988, 1699.33, 1619.74, 0.25, 40.9967, 55.5704, 84.94
412, 2, 2, 740, 0.0714808, 0.0714808, 1608.15, 1515.15, -2.75, 51.7914, 55.2388, 160.24
413, 2, 2, 740, 0.00916341, 0.00916341, 1472.77, 1332.51, -0.25, 53.2583, 53.6855, 128.84
414, 2, 2, 740, 0.283714, 0.283714, 1485.55, 1419.01, -1.75, 36.325, 53.7754, 169.2
415, 2, 2, 740, 0.0927587, 0.0782145, 1674.21, 1437.43, -2.05, 53.0177, 56.9214, 89.2
416, 2, 2, 740, 1.72026e-08, 1.72026e-08, 1269.93, 1138.82, -4.15, 52.5014, 52.5014, 148.14
417, 2, 2, 740, 0.0424173, 0.0424173, 1313.89, 1194.49, -1.85, 51.3011, 52.6116, 133.56
418, 2, 2, 740, 1.10829e-08, 1.10829e-08, 1243.55, 1180.3, -9.95, 51.1394, 51.1394, 153.64
419, 2, 2, 740, 1.13202e-08, 1.32069e-08, 1419.54, 1228.23, 0.65, 55.1883, 55.1883, 127.88
420, 2, 2, 740, 6.27288e-09, 6.27288e-09, 1525.61, 1410.37, -1.55, 53.5614, 53.5614, 169.74
421, 2, 2, 740, 0.252357, 0.252357, 1723.81, 1521.23, -0.35, 49.7687, 58.1516, 102.87
422, 2, 2, 740, 9.69213e-09, 9.69213e-09, 1349.2, 1232.51, -0.65, 53.6136, 53.6136, 169.09
423, 2, 2, 740, 1.30511e-08, 1.30511e-08, 1645.56, 1458.11, 0.25, 56.6682, 56.6682, 185.65
424, 2, 2, 740, 0.131597, 0.131597, 1281.48, 1234.84, -2.05, 44.3828, 50.0184, 134.67
425, 2, 2, 740, 0.014063, 0.016072, 1425.3, 1322.13, -5.75, 52.7423, 53.6931, 146.96
426, 2, 2, 740, 0.156234, 0.156234, 1593.59, 1481.92, 0.55, 47.3998, 55.5826, 112.96
427, 2, 2, 740, 1.23299e-08, 1.23299e-08, 1264.21, 1201.25, -4.25, 51.158, 51.158, 215.76
428, 2, 2, 740, 2.61556e-09, 2.61556e-09, 1464.32, 1369.3, -1.55, 53.3244, 53.3244, 181.47
429, 2, 2, 740, 0.115366, 0.134593, 1506.55, 1385.06, -1.25, 48.7947, 53.9303, 144.89
430, 2, 2, 740, 0.0169167, 0.0169167, 1379.16, 1276.1, -1.15, 52.2646, 53.1401, 175.01
431, 2, 2, 740, 0.146759, 0.146759, 1494.22, 1423.13, -3.05, 47.9036, 53.5637, 150.14
432, 2, 2, 740, 1.05949e-08, 1.23607e-08, 1420.12, 1319.47, -1.95, 51.3552, 51.3552, 203.32
433, 2, 2, 740, 0.191986, 0.191986, 1603.15, 1490.74, -2.15, 46.8535, 55.2711, 98.54
434, 2, 2, 740, 0.132908, 0.132908, 1306.09, 1098.91, 0.75, 51.6454, 54.7462, 112.52
435, 2, 2, 740, 0.0721455, 0.0721455, 1492.47, 1403.82, -1.55, 49.5042, 52.6714, 155.41
436, 2, 2, 740, 0.0275467, 0.0275467, 1288.62, 1129.66, 1.25, 52.6273, 53.6789, 166.03
437, 2, 2, 740, 0.0115569, 0.0115569, 1466.69, 1358.41, 0.45, 53.4763, 54.0264, 115.95
438, 2, 2, 740, 0.150035, 0.150035, 1546.18, 1455.59, -0.05, 48.7631, 54.2396, 108.66
439, 2, 2, 740, 7.4992e-09, 7.4992e-09, 1389.93, 1240.15, 0.05, 54.0101, 54.0101, 186.8
440, 2, 2, 740, 1.99021e-08, 1.92795e-08, 1307.69, 1156.63, -0.45, 52.7484, 52.7484, 168.04
441, 2, 2, 740, 0.014379, 0.014379, 1415.52, 1324.44, -2.65, 52.3886, 53.0815, 172.44
442, 2, 2, 740, 7.16124e-09, 7.16124e-09, 1237.89, 1160.45, -1.25, 50.8111, 50.8111, 182.59
443, 2, 2, 740, 0.0071709, 0.0071709, 1405.22, 1292.94, -1.55, 53.3602, 53.7551, 208.6
444, 2, 2, 740, 1.48997e-08, 1.73829e-08, 1612.12, 1472.67, 1.15, 55.5606, 55.5606, 164.96
445, 2, 2, 740, 0.191724, 0.219113, 1726.2, 1567.46, -2.45, 41.2881, 57.0536, 130.02
446, 2, 2, 740, 0.0279834, 0.0326473, 1389.3, 1214.2, -2.75, 50.3253, 51.7573, 139.72
447, 2, 2, 740, 0.132393, 0.132393, 1528.03, 1458.54, -4.75, 46.8248, 52.2823, 130.82
448, 2, 2, 740, 0, 0, 1562.58, 1448.96, -4.65, 54.5313, 54.5313, 160.07
449, 2, 2, 740, 1.15464e-08, 1.15464e-08, 1532.83, 1409.48, -2.85, 53.4404, 53.4404, 168.75
450, 2, 2, 740, 1.46293e-08, 1.46293e-08, 1557.94, 1453.62, -0.05, 55.051, 55.051, 187.02
451, 2, 2, 740, 0.00100887, 0.00117701, 1729.27, 1441.92, 3.65, 58.718, 58.7531, 122.86
452, 2, 2, 740, 0.0168784, 0.0168784, 1653.81, 1462.46, -0.65, 56.2633, 57.0216, 125.02
453, 2, 2, 740, 0.198447, 0.231522, 1554, 1396.67, -0.65, 46.1855, 54.8932, 100.79
454, 2, 2, 740, 0.126067, 0.15128, 1709.91, 1508.96, 2.25, 52.1792, 57.7347, 106.59
455, 2, 2, 740, 0.000846502, 0.000846502, 1502.45, 1384.77, 1.65, 56.4249, 56.4688, 109
456, 2, 2, 740, 0.020308, 0.0236926, 1808.15, 1573.7, 1.25, 57.0585, 58.2194, 139.74
457, 2, 2, 740, 0.033524, 0.033524, 1576.8, 1469.64, -0.65, 52.5037, 54.7031, 130.88
458, 2, 2, 740, 1.09846e-08, 1.09846e-08, 1373.87, 1239.03, -1.85, 54.1021, 54.1021, 97.37
459, 2, 2, 740, 0.105518, 0.123104, 1692.34, 1469.36, 1.95, 52.1521, 57.6743, 110.1
460, 2, 2, 740, 0.0842479, 0.0842479, 1522.77, 1393.25, 0.05, 52.2525, 55.4098, 112.98
461, 2, 2, 740, 7.0485e-09, 7.0485e-09, 1618, 1523.09, -1.85, 55.583, 55.583, 147.01
462, 2, 2, 740, 0.0423832, 0.0423832, 1713.8, 1568.78, 0.15, 54.8642, 57.4245, 128.38
463, 2, 2, 740, 0.0215019, 0.0215019, 1605.95, 1504.35, -2.05, 53.7999, 54.8666, 158.23
464, 2, 2, 740, 0.00776406, 0.00776406, 1630.06, 1423.91, 2.75, 57.631, 58.0449, 152.76
465, 2, 2, 740, 0.224428, 0.261833, 2043.26, 1845.12, -1.25, 46.0463, 60.2127, 83.73
466, 2, 2, 740, 0.0211699, 0.0211699, 1545.06, 1443.07, -0.75, 53.8235, 54.9606, 103.86
467, 2, 2, 740, 0.140187, 0.140187, 1677.49, 1592.64, -3.05, 48.4064, 55.7063, 92.75
468, 2, 2, 740, 0.164037, 0.191377, 1905.83, 1735.81, -0.95, 44.2294, 57.3787, 140.23
469, 2, 2, 740, 1.55344e-08, 1.55344e-08, 1673.43, 1531.8, 1.95, 58.3415, 58.3415, 142.81
470, 2, 2, 740, 0.0366864, 0.0366864, 1576.59, 1429.91, 0.65, 54.3095, 56.0029, 103.31
471, 2, 2, 740, 0.213735, 0.244269, 1740.85, 1633.2, -0.75, 44.9194, 56.2392, 74.97
472, 2, 2, 740, 0.0831386, 0.0831386, 1443.21, 1384.18, -2.55, 47.208, 52.8333, 84.23
473, 2, 2, 740, 0.153199, 0.175084, 1930.43, 1658.76, 0.55, 52.3392, 59.5578, 111.85
474, 2, 2, 740, 1.09021e-08, 1.17812e-08, 1735.66, 1559.05, -4.35, 57.1928, 57.1928, 164.64
475, 2, 2, 740, 0.763847, 0.998949, 5795.29, 3555.16, 6.32, 8, 102.302, 0
476, 2, 2, 740, 0.119061, 0.119061, 1490.6, 1398.47, -1.65, 49.671, 54.5044, 140.47
477, 2, 2, 740, 0.272754, 0.272754, 1901.45, 1804.38, -3.45, 45.2311, 58.2329, 119.93
478, 2, 2, 740, 7.79383e-09, 9.8309e-09, 1544.76, 1297.7, -0.45, 56.7202, 56.7202, 143.24
479, 2, 2, 740, 0.261233, 0.261233, 1699.33, 1619.74, 0.25, 40.8236, 55.5704, 84.94
480, 2, 2, 740, 0.0779526, 0.0779526, 1608.15, 1515.15, -2.75, 51.4627, 55.2388, 160.24
481, 2, 2, 740, 0.0172044, 0.0172044, 1472.77, 1332.51, -0.25, 52.8833, 53.6855, 128.84
482, 2, 2, 740, 0.284566, 0.284566, 1485.55, 1419.01, -1.75, 36.2513, 53.7754, 169.2
483, 2, 2, 740, 0.0906095, 0.0764195, 1674.21, 1437.43, -2.05, 52.9701, 56.9214, 89.2
484, 2, 2, 740, 1.72026e-08, 1.72026e-08, 1269.93, 1138.82, -4.15, 52.5014, 52.5014, 148.14
485, 2, 2, 740, 0.0449166, 0.0449166, 1313.89, 1194.49, -1.85, 51.0724, 52.6116, 133.56
486, 2, 2, 740, 1.10829e-08, 1.10829e-08, 1243.55, 1180.3, -9.95, 51.1394, 51.1394, 153.64
487, 2, 2, 740, 1.13202e-08, 1.32069e-08, 1419.54, 1228.23, 0.65, 55.1883, 55.1883, 127.88
488, 2, 2, 740, 6.27288e-09, 6.27288e-09, 1525.61, 1410.37, -1.55, 53.5614, 53.5614, 169.74
489, 2, 2, 740, 0.228391, 0.228391, 1723.81, 1521.23, -0.35, 49.7062, 58.1516, 102.87
490, 2, 2, 740, 9.69213e-09, 9.69213e-09, 1349.2, 1232.51, -0.65, 53.6136, 53.6136, 169.09
491, 2, 2, 740, 1.30511e-08, 1.30511e-08, 1645.56, 1458.11, 0.25, 56.6682, 56.6682, 185.65
492, 2, 2, 740, 0.14336, 0.14336, 1281.48, 1234.84, -2.05, 43.8712, 50.0184, 134.67
493, 2, 2, 740, 0.0233295, 0.0266622, 1425.3, 1322.13, -5.75, 52.1157, 53.6931, 146.96
494, 2, 2, 740, 0.154558, 0.154558, 1593.59, 1481.92, 0.55, 47.192, 55.5826, 112.96
495, 2, 2, 740, 1.23299e-08, 1.23299e-08, 1264.21, 1201.25, -4.25, 51.158, 51.158, 215.76
496, 2, 2, 740, 2.61556e-09, 2.61556e-09, 1464.32, 1369.3, -1.55, 53.3244, 53.3244, 181.47
497, 2, 2, 740, 0.108768, 0.126896, 1506.55, 1385.06, -1.25, 48.5534, 53.9303, 144.89
498, 2, 2, 740, 0.0255889, 0.0255889, 1379.16, 1276.1, -1.15, 51.8158, 53.1401, 175.01
499, 2, 2, 740, 0.159606, 0.159606, 1494.22, 1423.13, -3.05, 47.2835, 53.5637, 150.14
500, 2, 2, 740, 0.000536879, 0.000626358, 1420.12, 1319.47, -1.95, 51.3296, 51.3552, 203.32
501, 2, 2, 740, 0.211199, 0.211199, 1603.15, 1490.74, -2.15, 45.9222, 55.2711, 98.54
502, 2, 2, 740, 0.1275, 0.1275, 1306.09, 1098.91, 0.75, 51.4572, 54.7462, 112.52
503, 2, 2, 740, 0.0806389, 0.0806389, 1492.47, 1403.82, -1.55, 49.0264, 52.6714, 155.41
504, 2, 2, 740, 0.043209, 0.043209, 1288.62, 1129.66, 1.25, 52.0512, 53.6789, 166.03
505, 2, 2, 740, 0.0241993, 0.0241993, 1466.69, 1358.41, 0.45, 52.8746, 54.0264, 115.95
506, 2, 2, 740, 0.145326, 0.145326, 1546.18, 1455.59, -0.05, 48.5422, 54.2396, 108.66
507, 2, 2, 740, 7.4992e-09, 7.4992e-09, 1389.93, 1240.15, 0.05, 54.0101, 54.0101, 186.8
508, 2, 2, 740, 1.99021e-08, 1.92795e-08, 1307.69, 1156.63, -0.45, 52.7484, 52.7484, 168.04
509, 2, 2, 740, 0.0284988, 0.0284988, 1415.52, 1324.44, -2.65, 51.7083, 53.0815, 172.44
